model,segment_size,hidden_size,peak,time
graph,1,1,819.6640625,1.94
graph,1,2,1065.546875,2.03
graph,1,3,1313.46484375,1.93
graph,1,4,1695.98046875,2.24
graph,1,5,2027.109375,3.43
graph,1,6,1952.44140625,4.53
graph,1,7,2171.0234375,5.18
graph,1,8,2443.61328125,5.54
graph,1,9,3169.83984375,8.16
graph,1,10,3454.71484375,9.94
graph,1,11,3066.03515625,13.07
